number,floor,type,faces,area,common_room_access
110,1,s,"n,w",105,1
112,1,d,"n,e",196,1
114,1,s,e,131,1
119,1,d,"s,w",226,1
121,1,d,"s,e",195,1
122,1,s,w,133,1
123,1,s,e,131,1
128,1,s,"n,e",105,1
130,1,s,"n,w",106,1
131,1,s,w,109,1
132,1,s,w,110,1
137,1,d,"s,e",225,1
139,1,d,"s,w",196,1
140,1,s,w,106,1
141,1,s,w,110,1
210,2,s,"n,w",105,1
213,2,d,"n,e",196,1
214,2,s,e,132,1
218,2,d,"s,w",225,1
221,2,d,"s,e",194,1
222,2,s,e,129,1
223,2,s,e,134,1
228,2,s,"n,e",105,1
230,2,s,"n,w",106,1
231,2,s,w,109,1
232,2,s,w,110,1
236,2,d,"s,e",225,1
239,2,d,"s,w",196,1
240,2,s,w,106,1
241,2,s,w,110,1